{"Dimension": 5, "Polygons": [[[2.0, -1.850371707708594e-17, -0.08164965809277262, -0.16329931618554522, -0.24494897427831783], [-0.4, 1.9595917942265424, -0.08164965809277262, -0.16329931618554522, -0.24494897427831783], [-0.4, -0.4898979485566356, 1.8779421361337698, -0.16329931618554522, -0.24494897427831783]], [[2.0, -1.850371707708594e-17, -0.08164965809277262, -0.16329931618554522, -0.24494897427831783], [-0.4, 1.9595917942265424, -0.08164965809277262, -0.16329931618554522, -0.24494897427831783], [-0.4, -0.4898979485566356, -0.5715476066494082, 1.7962924780409972, -0.24494897427831783]], [[2.0, -1.850371707708594e-17, -0.08164965809277262, -0.16329931618554522, -0.24494897427831783], [-0.4, 1.9595917942265424, -0.08164965809277262, -0.16329931618554522, -0.24494897427831783], [-0.4, -0.4898979485566356, -0.5715476066494082, -0.6531972647421809, 1.7146428199482247]], [[2.0, -1.850371707708594e-17, -0.08164965809277262, -0.16329931618554522, -0.24494897427831783], [-0.4, 1.9595917942265424, -0.08164965809277262, -0.16329931618554522, -0.24494897427831783], [-0.4, -0.4898979485566356, -0.5715476066494082, -0.6531972647421809, -0.7348469228349535]], [[2.0, -1.850371707708594e-17, -0.08164965809277262, -0.16329931618554522, -0.24494897427831783], [-0.4, -0.4898979485566356, 1.8779421361337698, -0.16329931618554522, -0.24494897427831783], [-0.4, -0.4898979485566356, -0.5715476066494082, 1.7962924780409972, -0.24494897427831783]], [[2.0, -1.850371707708594e-17, -0.08164965809277262, -0.16329931618554522, -0.24494897427831783], [-0.4, -0.4898979485566356, 1.8779421361337698, -0.16329931618554522, -0.24494897427831783], [-0.4, -0.4898979485566356, -0.5715476066494082, -0.6531972647421809, 1.7146428199482247]], [[2.0, -1.850371707708594e-17, -0.08164965809277262, -0.16329931618554522, -0.24494897427831783], [-0.4, -0.4898979485566356, 1.8779421361337698, -0.16329931618554522, -0.24494897427831783], [-0.4, -0.4898979485566356, -0.5715476066494082, -0.6531972647421809, -0.7348469228349535]], [[2.0, -1.850371707708594e-17, -0.08164965809277262, -0.16329931618554522, -0.24494897427831783], [-0.4, -0.4898979485566356, -0.5715476066494082, 1.7962924780409972, -0.24494897427831783], [-0.4, -0.4898979485566356, -0.5715476066494082, -0.6531972647421809, 1.7146428199482247]], [[2.0, -1.850371707708594e-17, -0.08164965809277262, -0.16329931618554522, -0.24494897427831783], [-0.4, -0.4898979485566356, -0.5715476066494082, 1.7962924780409972, -0.24494897427831783], [-0.4, -0.4898979485566356, -0.5715476066494082, -0.6531972647421809, -0.7348469228349535]], [[2.0, -1.850371707708594e-17, -0.08164965809277262, -0.16329931618554522, -0.24494897427831783], [-0.4, -0.4898979485566356, -0.5715476066494082, -0.6531972647421809, 1.7146428199482247], [-0.4, -0.4898979485566356, -0.5715476066494082, -0.6531972647421809, -0.7348469228349535]], [[-0.4, 1.9595917942265424, -0.08164965809277262, -0.16329931618554522, -0.24494897427831783], [-0.4, -0.4898979485566356, 1.8779421361337698, -0.16329931618554522, -0.24494897427831783], [-0.4, -0.4898979485566356, -0.5715476066494082, 1.7962924780409972, -0.24494897427831783]], [[-0.4, 1.9595917942265424, -0.08164965809277262, -0.16329931618554522, -0.24494897427831783], [-0.4, -0.4898979485566356, 1.8779421361337698, -0.16329931618554522, -0.24494897427831783], [-0.4, -0.4898979485566356, -0.5715476066494082, -0.6531972647421809, 1.7146428199482247]], [[-0.4, 1.9595917942265424, -0.08164965809277262, -0.16329931618554522, -0.24494897427831783], [-0.4, -0.4898979485566356, 1.8779421361337698, -0.16329931618554522, -0.24494897427831783], [-0.4, -0.4898979485566356, -0.5715476066494082, -0.6531972647421809, -0.7348469228349535]], [[-0.4, 1.9595917942265424, -0.08164965809277262, -0.16329931618554522, -0.24494897427831783], [-0.4, -0.4898979485566356, -0.5715476066494082, 1.7962924780409972, -0.24494897427831783], [-0.4, -0.4898979485566356, -0.5715476066494082, -0.6531972647421809, 1.7146428199482247]], [[-0.4, 1.9595917942265424, -0.08164965809277262, -0.16329931618554522, -0.24494897427831783], [-0.4, -0.4898979485566356, -0.5715476066494082, 1.7962924780409972, -0.24494897427831783], [-0.4, -0.4898979485566356, -0.5715476066494082, -0.6531972647421809, -0.7348469228349535]], [[-0.4, 1.9595917942265424, -0.08164965809277262, -0.16329931618554522, -0.24494897427831783], [-0.4, -0.4898979485566356, -0.5715476066494082, -0.6531972647421809, 1.7146428199482247], [-0.4, -0.4898979485566356, -0.5715476066494082, -0.6531972647421809, -0.7348469228349535]], [[-0.4, -0.4898979485566356, 1.8779421361337698, -0.16329931618554522, -0.24494897427831783], [-0.4, -0.4898979485566356, -0.5715476066494082, 1.7962924780409972, -0.24494897427831783], [-0.4, -0.4898979485566356, -0.5715476066494082, -0.6531972647421809, 1.7146428199482247]], [[-0.4, -0.4898979485566356, 1.8779421361337698, -0.16329931618554522, -0.24494897427831783], [-0.4, -0.4898979485566356, -0.5715476066494082, 1.7962924780409972, -0.24494897427831783], [-0.4, -0.4898979485566356, -0.5715476066494082, -0.6531972647421809, -0.7348469228349535]], [[-0.4, -0.4898979485566356, 1.8779421361337698, -0.16329931618554522, -0.24494897427831783], [-0.4, -0.4898979485566356, -0.5715476066494082, -0.6531972647421809, 1.7146428199482247], [-0.4, -0.4898979485566356, -0.5715476066494082, -0.6531972647421809, -0.7348469228349535]], [[-0.4, -0.4898979485566356, -0.5715476066494082, 1.7962924780409972, -0.24494897427831783], [-0.4, -0.4898979485566356, -0.5715476066494082, -0.6531972647421809, 1.7146428199482247], [-0.4, -0.4898979485566356, -0.5715476066494082, -0.6531972647421809, -0.7348469228349535]]]}