{"Dimension": 6, "Polygons": [[[2.0, -1.586032892321652e-17, -0.05634361698190112, -0.11268723396380223, -0.16903085094570333, -0.22537446792760443], [-0.33333333333333337, 1.9720265943665387, -0.05634361698190112, -0.11268723396380223, -0.16903085094570333, -0.22537446792760443], [-0.33333333333333337, -0.39440531887330776, 1.9156829773846376, -0.11268723396380223, -0.16903085094570333, -0.22537446792760443]], [[2.0, -1.586032892321652e-17, -0.05634361698190112, -0.11268723396380223, -0.16903085094570333, -0.22537446792760443], [-0.33333333333333337, 1.9720265943665387, -0.05634361698190112, -0.11268723396380223, -0.16903085094570333, -0.22537446792760443], [-0.33333333333333337, -0.39440531887330776, -0.45074893585520887, 1.8593393604027364, -0.16903085094570333, -0.22537446792760443]], [[2.0, -1.586032892321652e-17, -0.05634361698190112, -0.11268723396380223, -0.16903085094570333, -0.22537446792760443], [-0.33333333333333337, 1.9720265943665387, -0.05634361698190112, -0.11268723396380223, -0.16903085094570333, -0.22537446792760443], [-0.33333333333333337, -0.39440531887330776, -0.45074893585520887, -0.50709255283711, 1.8029957434208355, -0.22537446792760443]], [[2.0, -1.586032892321652e-17, -0.05634361698190112, -0.11268723396380223, -0.16903085094570333, -0.22537446792760443], [-0.33333333333333337, 1.9720265943665387, -0.05634361698190112, -0.11268723396380223, -0.16903085094570333, -0.22537446792760443], [-0.33333333333333337, -0.39440531887330776, -0.45074893585520887, -0.50709255283711, -0.5634361698190111, 1.7466521264389343]], [[2.0, -1.586032892321652e-17, -0.05634361698190112, -0.11268723396380223, -0.16903085094570333, -0.22537446792760443], [-0.33333333333333337, 1.9720265943665387, -0.05634361698190112, -0.11268723396380223, -0.16903085094570333, -0.22537446792760443], [-0.33333333333333337, -0.39440531887330776, -0.45074893585520887, -0.50709255283711, -0.5634361698190111, -0.6197797868009122]], [[2.0, -1.586032892321652e-17, -0.05634361698190112, -0.11268723396380223, -0.16903085094570333, -0.22537446792760443], [-0.33333333333333337, -0.39440531887330776, 1.9156829773846376, -0.11268723396380223, -0.16903085094570333, -0.22537446792760443], [-0.33333333333333337, -0.39440531887330776, -0.45074893585520887, 1.8593393604027364, -0.16903085094570333, -0.22537446792760443]], [[2.0, -1.586032892321652e-17, -0.05634361698190112, -0.11268723396380223, -0.16903085094570333, -0.22537446792760443], [-0.33333333333333337, -0.39440531887330776, 1.9156829773846376, -0.11268723396380223, -0.16903085094570333, -0.22537446792760443], [-0.33333333333333337, -0.39440531887330776, -0.45074893585520887, -0.50709255283711, 1.8029957434208355, -0.22537446792760443]], [[2.0, -1.586032892321652e-17, -0.05634361698190112, -0.11268723396380223, -0.16903085094570333, -0.22537446792760443], [-0.33333333333333337, -0.39440531887330776, 1.9156829773846376, -0.11268723396380223, -0.16903085094570333, -0.22537446792760443], [-0.33333333333333337, -0.39440531887330776, -0.45074893585520887, -0.50709255283711, -0.5634361698190111, 1.7466521264389343]], [[2.0, -1.586032892321652e-17, -0.05634361698190112, -0.11268723396380223, -0.16903085094570333, -0.22537446792760443], [-0.33333333333333337, -0.39440531887330776, 1.9156829773846376, -0.11268723396380223, -0.16903085094570333, -0.22537446792760443], [-0.33333333333333337, -0.39440531887330776, -0.45074893585520887, -0.50709255283711, -0.5634361698190111, -0.6197797868009122]], [[2.0, -1.586032892321652e-17, -0.05634361698190112, -0.11268723396380223, -0.16903085094570333, -0.22537446792760443], [-0.33333333333333337, -0.39440531887330776, -0.45074893585520887, 1.8593393604027364, -0.16903085094570333, -0.22537446792760443], [-0.33333333333333337, -0.39440531887330776, -0.45074893585520887, -0.50709255283711, 1.8029957434208355, -0.22537446792760443]], [[2.0, -1.586032892321652e-17, -0.05634361698190112, -0.11268723396380223, -0.16903085094570333, -0.22537446792760443], [-0.33333333333333337, -0.39440531887330776, -0.45074893585520887, 1.8593393604027364, -0.16903085094570333, -0.22537446792760443], [-0.33333333333333337, -0.39440531887330776, -0.45074893585520887, -0.50709255283711, -0.5634361698190111, 1.7466521264389343]], [[2.0, -1.586032892321652e-17, -0.05634361698190112, -0.11268723396380223, -0.16903085094570333, -0.22537446792760443], [-0.33333333333333337, -0.39440531887330776, -0.45074893585520887, 1.8593393604027364, -0.16903085094570333, -0.22537446792760443], [-0.33333333333333337, -0.39440531887330776, -0.45074893585520887, -0.50709255283711, -0.5634361698190111, -0.6197797868009122]], [[2.0, -1.586032892321652e-17, -0.05634361698190112, -0.11268723396380223, -0.16903085094570333, -0.22537446792760443], [-0.33333333333333337, -0.39440531887330776, -0.45074893585520887, -0.50709255283711, 1.8029957434208355, -0.22537446792760443], [-0.33333333333333337, -0.39440531887330776, -0.45074893585520887, -0.50709255283711, -0.5634361698190111, 1.7466521264389343]], [[2.0, -1.586032892321652e-17, -0.05634361698190112, -0.11268723396380223, -0.16903085094570333, -0.22537446792760443], [-0.33333333333333337, -0.39440531887330776, -0.45074893585520887, -0.50709255283711, 1.8029957434208355, -0.22537446792760443], [-0.33333333333333337, -0.39440531887330776, -0.45074893585520887, -0.50709255283711, -0.5634361698190111, -0.6197797868009122]], [[2.0, -1.586032892321652e-17, -0.05634361698190112, -0.11268723396380223, -0.16903085094570333, -0.22537446792760443], [-0.33333333333333337, -0.39440531887330776, -0.45074893585520887, -0.50709255283711, -0.5634361698190111, 1.7466521264389343], [-0.33333333333333337, -0.39440531887330776, -0.45074893585520887, -0.50709255283711, -0.5634361698190111, -0.6197797868009122]], [[-0.33333333333333337, 1.9720265943665387, -0.05634361698190112, -0.11268723396380223, -0.16903085094570333, -0.22537446792760443], [-0.33333333333333337, -0.39440531887330776, 1.9156829773846376, -0.11268723396380223, -0.16903085094570333, -0.22537446792760443], [-0.33333333333333337, -0.39440531887330776, -0.45074893585520887, 1.8593393604027364, -0.16903085094570333, -0.22537446792760443]], [[-0.33333333333333337, 1.9720265943665387, -0.05634361698190112, -0.11268723396380223, -0.16903085094570333, -0.22537446792760443], [-0.33333333333333337, -0.39440531887330776, 1.9156829773846376, -0.11268723396380223, -0.16903085094570333, -0.22537446792760443], [-0.33333333333333337, -0.39440531887330776, -0.45074893585520887, -0.50709255283711, 1.8029957434208355, -0.22537446792760443]], [[-0.33333333333333337, 1.9720265943665387, -0.05634361698190112, -0.11268723396380223, -0.16903085094570333, -0.22537446792760443], [-0.33333333333333337, -0.39440531887330776, 1.9156829773846376, -0.11268723396380223, -0.16903085094570333, -0.22537446792760443], [-0.33333333333333337, -0.39440531887330776, -0.45074893585520887, -0.50709255283711, -0.5634361698190111, 1.7466521264389343]], [[-0.33333333333333337, 1.9720265943665387, -0.05634361698190112, -0.11268723396380223, -0.16903085094570333, -0.22537446792760443], [-0.33333333333333337, -0.39440531887330776, 1.9156829773846376, -0.11268723396380223, -0.16903085094570333, -0.22537446792760443], [-0.33333333333333337, -0.39440531887330776, -0.45074893585520887, -0.50709255283711, -0.5634361698190111, -0.6197797868009122]], [[-0.33333333333333337, 1.9720265943665387, -0.05634361698190112, -0.11268723396380223, -0.16903085094570333, -0.22537446792760443], [-0.33333333333333337, -0.39440531887330776, -0.45074893585520887, 1.8593393604027364, -0.16903085094570333, -0.22537446792760443], [-0.33333333333333337, -0.39440531887330776, -0.45074893585520887, -0.50709255283711, 1.8029957434208355, -0.22537446792760443]], [[-0.33333333333333337, 1.9720265943665387, -0.05634361698190112, -0.11268723396380223, -0.16903085094570333, -0.22537446792760443], [-0.33333333333333337, -0.39440531887330776, -0.45074893585520887, 1.8593393604027364, -0.16903085094570333, -0.22537446792760443], 