{"Dimension": 3, "Polygons": [[[2.0, 0.0, -0.23570226039551584], [-0.6666666666666667, 1.8856180831641267, -0.23570226039551584], [-0.6666666666666667, -0.9428090415820634, 1.6499158227686108]], [[2.0, 0.0, -0.23570226039551584], [-0.6666666666666667, 1.8856180831641267, -0.23570226039551584], [-0.6666666666666667, -0.9428090415820634, -1.1785113019775793]], [[2.0, 0.0, -0.23570226039551584], [-0.6666666666666667, -0.9428090415820634, 1.6499158227686108], [-0.6666666666666667, -0.9428090415820634, -1.1785113019775793]], [[-0.6666666666666667, 1.8856180831641267, -0.23570226039551584], [-0.6666666666666667, -0.9428090415820634, 1.6499158227686108], [-0.6666666666666667, -0.9428090415820634, -1.1785113019775793]]]}