{"Dimension": 3, "Polygons": [[[2.0, 0.0, 0.0], [-0.6666666666666666, 1.8856180831641267, 0.0], [-0.6666666666666666, -0.9428090415820634, 1.8856180831641267]], [[2.0, 0.0, 0.0], [-0.6666666666666666, 1.8856180831641267, 0.0], [-0.6666666666666666, -0.9428090415820634, -1.8856180831641267]], [[2.0, 0.0, 0.0], [-0.6666666666666666, -0.9428090415820634, 1.8856180831641267], [-0.6666666666666666, -0.9428090415820634, -1.8856180831641267]], [[-0.6666666666666666, 1.8856180831641267, 0.0], [-0.6666666666666666, -0.9428090415820634, 1.8856180831641267], [-0.6666666666666666, -0.9428090415820634, -1.8856180831641267]]]}