{"Dimension": 4, "Polygons": [[[2.0, 0.0, 0.0, 0.0], [-0.5, 1.9364916731037085, 0.0, 0.0], [-0.5, -0.6454972243679028, 1.9364916731037085, 0.0]], [[2.0, 0.0, 0.0, 0.0], [-0.5, 1.9364916731037085, 0.0, 0.0], [-0.5, -0.6454972243679028, -0.9682458365518543, 1.9364916731037085]], [[2.0, 0.0, 0.0, 0.0], [-0.5, 1.9364916731037085, 0.0, 0.0], [-0.5, -0.6454972243679028, -0.9682458365518543, -1.9364916731037085]], [[2.0, 0.0, 0.0, 0.0], [-0.5, -0.6454972243679028, 1.9364916731037085, 0.0], [-0.5, -0.6454972243679028, -0.9682458365518543, 1.9364916731037085]], [[2.0, 0.0, 0.0, 0.0], [-0.5, -0.6454972243679028, 1.9364916731037085, 0.0], [-0.5, -0.6454972243679028, -0.9682458365518543, -1.9364916731037085]], [[2.0, 0.0, 0.0, 0.0], [-0.5, -0.6454972243679028, -0.9682458365518543, 1.9364916731037085], [-0.5, -0.6454972243679028, -0.9682458365518543, -1.9364916731037085]], [[-0.5, 1.9364916731037085, 0.0, 0.0], [-0.5, -0.6454972243679028, 1.9364916731037085, 0.0], [-0.5, -0.6454972243679028, -0.9682458365518543, 1.9364916731037085]], [[-0.5, 1.9364916731037085, 0.0, 0.0], [-0.5, -0.6454972243679028, 1.9364916731037085, 0.0], [-0.5, -0.6454972243679028, -0.9682458365518543, -1.9364916731037085]], [[-0.5, 1.9364916731037085, 0.0, 0.0], [-0.5, -0.6454972243679028, -0.9682458365518543, 1.9364916731037085], [-0.5, -0.6454972243679028, -0.9682458365518543, -1.9364916731037085]], [[-0.5, -0.6454972243679028, 1.9364916731037085, 0.0], [-0.5, -0.6454972243679028, -0.9682458365518543, 1.9364916731037085], [-0.5, -0.6454972243679028, -0.9682458365518543, -1.9364916731037085]]]}