{"Dimension": 4, "Polygons": [[[2.0, -4.4408920985006264e-17, -0.1290994448735806, -0.25819888974716115], [-0.5, 1.9364916731037085, -0.1290994448735806, -0.25819888974716115], [-0.5, -0.6454972243679028, 1.8073922282301278, -0.25819888974716115]], [[2.0, -4.4408920985006264e-17, -0.1290994448735806, -0.25819888974716115], [-0.5, 1.9364916731037085, -0.1290994448735806, -0.25819888974716115], [-0.5, -0.6454972243679028, -0.7745966692414834, 1.6782927833565473]], [[2.0, -4.4408920985006264e-17, -0.1290994448735806, -0.25819888974716115], [-0.5, 1.9364916731037085, -0.1290994448735806, -0.25819888974716115], [-0.5, -0.6454972243679028, -0.7745966692414834, -0.9036961141150639]], [[2.0, -4.4408920985006264e-17, -0.1290994448735806, -0.25819888974716115], [-0.5, -0.6454972243679028, 1.8073922282301278, -0.25819888974716115], [-0.5, -0.6454972243679028, -0.7745966692414834, 1.6782927833565473]], [[2.0, -4.4408920985006264e-17, -0.1290994448735806, -0.25819888974716115], [-0.5, -0.6454972243679028, 1.8073922282301278, -0.25819888974716115], [-0.5, -0.6454972243679028, -0.7745966692414834, -0.9036961141150639]], [[2.0, -4.4408920985006264e-17, -0.1290994448735806, -0.25819888974716115], [-0.5, -0.6454972243679028, -0.7745966692414834, 1.6782927833565473], [-0.5, -0.6454972243679028, -0.7745966692414834, -0.9036961141150639]], [[-0.5, 1.9364916731037085, -0.1290994448735806, -0.25819888974716115], [-0.5, -0.6454972243679028, 1.8073922282301278, -0.25819888974716115], [-0.5, -0.6454972243679028, -0.7745966692414834, 1.6782927833565473]], [[-0.5, 1.9364916731037085, -0.1290994448735806, -0.25819888974716115], [-0.5, -0.6454972243679028, 1.8073922282301278, -0.25819888974716115], [-0.5, -0.6454972243679028, -0.7745966692414834, -0.9036961141150639]], [[-0.5, 1.9364916731037085, -0.1290994448735806, -0.25819888974716115], [-0.5, -0.6454972243679028, -0.7745966692414834, 1.6782927833565473], [-0.5, -0.6454972243679028, -0.7745966692414834, -0.9036961141150639]], [[-0.5, -0.6454972243679028, 1.8073922282301278, -0.25819888974716115], [-0.5, -0.6454972243679028, -0.7745966692414834, 1.6782927833565473], [-0.5, -0.6454972243679028, -0.7745966692414834, -0.9036961141150639]]]}