{"Dimension": 5, "Polygons": [[[2.0, 0.0, 0.0, 0.0, 0.0], [-0.4, 1.9595917942265424, 0.0, 0.0, 0.0], [-0.4, -0.4898979485566356, 1.9595917942265424, 0.0, 0.0]], [[2.0, 0.0, 0.0, 0.0, 0.0], [-0.4, 1.9595917942265424, 0.0, 0.0, 0.0], [-0.4, -0.4898979485566356, -0.6531972647421808, 1.9595917942265424, 0.0]], [[2.0, 0.0, 0.0, 0.0, 0.0], [-0.4, 1.9595917942265424, 0.0, 0.0, 0.0], [-0.4, -0.4898979485566356, -0.6531972647421808, -0.9797958971132712, 1.9595917942265424]], [[2.0, 0.0, 0.0, 0.0, 0.0], [-0.4, 1.9595917942265424, 0.0, 0.0, 0.0], [-0.4, -0.4898979485566356, -0.6531972647421808, -0.9797958971132712, -1.9595917942265424]], [[2.0, 0.0, 0.0, 0.0, 0.0], [-0.4, -0.4898979485566356, 1.9595917942265424, 0.0, 0.0], [-0.4, -0.4898979485566356, -0.6531972647421808, 1.9595917942265424, 0.0]], [[2.0, 0.0, 0.0, 0.0, 0.0], [-0.4, -0.4898979485566356, 1.9595917942265424, 0.0, 0.0], [-0.4, -0.4898979485566356, -0.6531972647421808, -0.9797958971132712, 1.9595917942265424]], [[2.0, 0.0, 0.0, 0.0, 0.0], [-0.4, -0.4898979485566356, 1.9595917942265424, 0.0, 0.0], [-0.4, -0.4898979485566356, -0.6531972647421808, -0.9797958971132712, -1.9595917942265424]], [[2.0, 0.0, 0.0, 0.0, 0.0], [-0.4, -0.4898979485566356, -0.6531972647421808, 1.9595917942265424, 0.0], [-0.4, -0.4898979485566356, -0.6531972647421808, -0.9797958971132712, 1.9595917942265424]], [[2.0, 0.0, 0.0, 0.0, 0.0], [-0.4, -0.4898979485566356, -0.6531972647421808, 1.9595917942265424, 0.0], [-0.4, -0.4898979485566356, -0.6531972647421808, -0.9797958971132712, -1.9595917942265424]], [[2.0, 0.0, 0.0, 0.0, 0.0], [-0.4, -0.4898979485566356, -0.6531972647421808, -0.9797958971132712, 1.9595917942265424], [-0.4, -0.4898979485566356, -0.6531972647421808, -0.9797958971132712, -1.9595917942265424]], [[-0.4, 1.9595917942265424, 0.0, 0.0, 0.0], [-0.4, -0.4898979485566356, 1.9595917942265424, 0.0, 0.0], [-0.4, -0.4898979485566356, -0.6531972647421808, 1.9595917942265424, 0.0]], [[-0.4, 1.9595917942265424, 0.0, 0.0, 0.0], [-0.4, -0.4898979485566356, 1.9595917942265424, 0.0, 0.0], [-0.4, -0.4898979485566356, -0.6531972647421808, -0.9797958971132712, 1.9595917942265424]], [[-0.4, 1.9595917942265424, 0.0, 0.0, 0.0], [-0.4, -0.4898979485566356, 1.9595917942265424, 0.0, 0.0], [-0.4, -0.4898979485566356, -0.6531972647421808, -0.9797958971132712, -1.9595917942265424]], [[-0.4, 1.9595917942265424, 0.0, 0.0, 0.0], [-0.4, -0.4898979485566356, -0.6531972647421808, 1.9595917942265424, 0.0], [-0.4, -0.4898979485566356, -0.6531972647421808, -0.9797958971132712, 1.9595917942265424]], [[-0.4, 1.9595917942265424, 0.0, 0.0, 0.0], [-0.4, -0.4898979485566356, -0.6531972647421808, 1.9595917942265424, 0.0], [-0.4, -0.4898979485566356, -0.6531972647421808, -0.9797958971132712, -1.9595917942265424]], [[-0.4, 1.9595917942265424, 0.0, 0.0, 0.0], [-0.4, -0.4898979485566356, -0.6531972647421808, -0.9797958971132712, 1.9595917942265424], [-0.4, -0.4898979485566356, -0.6531972647421808, -0.9797958971132712, -1.9595917942265424]], [[-0.4, -0.4898979485566356, 1.9595917942265424, 0.0, 0.0], [-0.4, -0.4898979485566356, -0.6531972647421808, 1.9595917942265424, 0.0], [-0.4, -0.4898979485566356, -0.6531972647421808, -0.9797958971132712, 1.9595917942265424]], [[-0.4, -0.4898979485566356, 1.9595917942265424, 0.0, 0.0], [-0.4, -0.4898979485566356, -0.6531972647421808, 1.9595917942265424, 0.0], [-0.4, -0.4898979485566356, -0.6531972647421808, -0.9797958971132712, -1.9595917942265424]], [[-0.4, -0.4898979485566356, 1.9595917942265424, 0.0, 0.0], [-0.4, -0.4898979485566356, -0.6531972647421808, -0.9797958971132712, 1.9595917942265424], [-0.4, -0.4898979485566356, -0.6531972647421808, -0.9797958971132712, -1.9595917942265424]], [[-0.4, -0.4898979485566356, -0.6531972647421808, 1.9595917942265424, 0.0], [-0.4, -0.4898979485566356, -0.6531972647421808, -0.9797958971132712, 1.9595917942265424], [-0.4, -0.4898979485566356, -0.6531972647421808, -0.9797958971132712, -1.9595917942265424]]]}