{"Dimension": 6, "Polygons": [[[2.0, 0.0, 0.0, 0.0, 0.0, 0.0], [-0.3333333333333333, 1.9720265943665387, 0.0, 0.0, 0.0, 0.0], [-0.3333333333333333, -0.39440531887330776, 1.9720265943665387, 0.0, 0.0, 0.0]], [[2.0, 0.0, 0.0, 0.0, 0.0, 0.0], [-0.3333333333333333, 1.9720265943665387, 0.0, 0.0, 0.0, 0.0], [-0.3333333333333333, -0.39440531887330776, -0.4930066485916347, 1.9720265943665387, 0.0, 0.0]], [[2.0, 0.0, 0.0, 0.0, 0.0, 0.0], [-0.3333333333333333, 1.9720265943665387, 0.0, 0.0, 0.0, 0.0], [-0.3333333333333333, -0.39440531887330776, -0.4930066485916347, -0.6573421981221795, 1.9720265943665387, 0.0]], [[2.0, 0.0, 0.0, 0.0, 0.0, 0.0], [-0.3333333333333333, 1.9720265943665387, 0.0, 0.0, 0.0, 0.0], [-0.3333333333333333, -0.39440531887330776, -0.4930066485916347, -0.6573421981221795, -0.9860132971832694, 1.9720265943665387]], [[2.0, 0.0, 0.0, 0.0, 0.0, 0.0], [-0.3333333333333333, 1.9720265943665387, 0.0, 0.0, 0.0, 0.0], [-0.3333333333333333, -0.39440531887330776, -0.4930066485916347, -0.6573421981221795, -0.9860132971832694, -1.9720265943665387]], [[2.0, 0.0, 0.0, 0.0, 0.0, 0.0], [-0.3333333333333333, -0.39440531887330776, 1.9720265943665387, 0.0, 0.0, 0.0], [-0.3333333333333333, -0.39440531887330776, -0.4930066485916347, 1.9720265943665387, 0.0, 0.0]], [[2.0, 0.0, 0.0, 0.0, 0.0, 0.0], [-0.3333333333333333, -0.39440531887330776, 1.9720265943665387, 0.0, 0.0, 0.0], [-0.3333333333333333, -0.39440531887330776, -0.4930066485916347, -0.6573421981221795, 1.9720265943665387, 0.0]], [[2.0, 0.0, 0.0, 0.0, 0.0, 0.0], [-0.3333333333333333, -0.39440531887330776, 1.9720265943665387, 0.0, 0.0, 0.0], [-0.3333333333333333, -0.39440531887330776, -0.4930066485916347, -0.6573421981221795, -0.9860132971832694, 1.9720265943665387]], [[2.0, 0.0, 0.0, 0.0, 0.0, 0.0], [-0.3333333333333333, -0.39440531887330776, 1.9720265943665387, 0.0, 0.0, 0.0], [-0.3333333333333333, -0.39440531887330776, -0.4930066485916347, -0.6573421981221795, -0.9860132971832694, -1.9720265943665387]], [[2.0, 0.0, 0.0, 0.0, 0.0, 0.0], [-0.3333333333333333, -0.39440531887330776, -0.4930066485916347, 1.9720265943665387, 0.0, 0.0], [-0.3333333333333333, -0.39440531887330776, -0.4930066485916347, -0.6573421981221795, 1.9720265943665387, 0.0]], [[2.0, 0.0, 0.0, 0.0, 0.0, 0.0], [-0.3333333333333333, -0.39440531887330776, -0.4930066485916347, 1.9720265943665387, 0.0, 0.0], [-0.3333333333333333, -0.39440531887330776, -0.4930066485916347, -0.6573421981221795, -0.9860132971832694, 1.9720265943665387]], [[2.0, 0.0, 0.0, 0.0, 0.0, 0.0], [-0.3333333333333333, -0.39440531887330776, -0.4930066485916347, 1.9720265943665387, 0.0, 0.0], [-0.3333333333333333, -0.39440531887330776, -0.4930066485916347, -0.6573421981221795, -0.9860132971832694, -1.9720265943665387]], [[2.0, 0.0, 0.0, 0.0, 0.0, 0.0], [-0.3333333333333333, -0.39440531887330776, -0.4930066485916347, -0.6573421981221795, 1.9720265943665387, 0.0], [-0.3333333333333333, -0.39440531887330776, -0.4930066485916347, -0.6573421981221795, -0.9860132971832694, 1.9720265943665387]], [[2.0, 0.0, 0.0, 0.0, 0.0, 0.0], [-0.3333333333333333, -0.39440531887330776, -0.4930066485916347, -0.6573421981221795, 1.9720265943665387, 0.0], [-0.3333333333333333, -0.39440531887330776, -0.4930066485916347, -0.6573421981221795, -0.9860132971832694, -1.9720265943665387]], [[2.0, 0.0, 0.0, 0.0, 0.0, 0.0], [-0.3333333333333333, -0.39440531887330776, -0.4930066485916347, -0.6573421981221795, -0.9860132971832694, 1.9720265943665387], [-0.3333333333333333, -0.39440531887330776, -0.4930066485916347, -0.6573421981221795, -0.9860132971832694, -1.9720265943665387]], [[-0.3333333333333333, 1.9720265943665387, 0.0, 0.0, 0.0, 0.0], [-0.3333333333333333, -0.39440531887330776, 1.9720265943665387, 0.0, 0.0, 0.0], [-0.3333333333333333, -0.39440531887330776, -0.4930066485916347, 1.9720265943665387, 0.0, 0.0]], [[-0.3333333333333333, 1.9720265943665387, 0.0, 0.0, 0.0, 0.0], [-0.3333333333333333, -0.39440531887330776, 1.9720265943665387, 0.0, 0.0, 0.0], [-0.3333333333333333, -0.39440531887330776, -0.4930066485916347, -0.6573421981221795, 1.9720265943665387, 0.0]], [[-0.3333333333333333, 1.9720265943665387, 0.0, 0.0, 0.0, 0.0], [-0.3333333333333333, -0.39440531887330776, 1.9720265943665387, 0.0, 0.0, 0.0], [-0.3333333333333333, -0.39440531887330776, -0.4930066485916347, -0.6573421981221795, -0.9860132971832694, 1.9720265943665387]], [[-0.3333333333333333, 1.9720265943665387, 0.0, 0.0, 0.0, 0.0], [-0.3333333333333333, -0.39440531887330776, 1.9720265943665387, 0.0, 0.0, 0.0], [-0.3333333333333333, -0.39440531887330776, -0.4930066485916347, -0.6573421981221795, -0.9860132971832694, -1.9720265943665387]], [[-0.3333333333333333, 1.9720265943665387, 0.0, 0.0, 0.0, 0.0], [-0.3333333333333333, -0.39440531887330776, -0.4930066485916347, 1.9720265943665387, 0.0, 0.0], [-0.3333333333333333, -0.39440531887330776, -0.4930066485916347, -0.6573421981221795, 1.9720265943665387, 0.0]], [[-0.3333333333333333, 1.9720265943665387, 0.0, 0.0, 0.0, 0.0], [-0.3333333333333333, -0.39440531887330776, -0.4930066485916347, 1.9720265943665387, 0.0, 0.0], [-0.3333333333333333, -0.39440531887330776, -0.4930066485916347, -0.6573421981221795, -0.9860132971832694, 1.9720265943665387]], [[-0.3333333333333333, 1.9720265943665387, 0.0, 0.0, 0.0, 0.0], [-0.3333333333333333, -0.39440531887330776, -0.4930066485916347, 1.9720265943665387, 0.0, 0.0], [-0.3333333333333333, -0.39440531887330776, -0.4930066485916347, -0.6573421981221795, -0.9860132971832694, -1.9720265943665387]], [[-0.3333333333333333, 1.9720265943665387, 0.0, 0.0, 0.0, 0.0], [-0.3333333333333333, -0.39440531887330776, -0.4930066485916347, -0.6573421981221795, 1.9720265943665387, 0.0], [-0.3333333333333333, -0.39440531887330776, -0.4930066485916347, -0.6573421981221795, -0.9860132971832694, 1.9720265943665387]], [[-0.3333333333333333, 1.9720265943665387, 0.0, 0.0, 0.0, 0.0], [-0.3333333333333333, -0.39440531887330776, -0.4930066485916347, -0.6573421981221795, 1.9720265943665387, 0.0], [-0.3333333333333333, -0.39440531887330776, -0.4930066485916347, -0.6573421981221795, -0.9860132971832694, -1.9720265943665387]], [[-0.3333333333333333, 1.9720265943665387, 0.0, 0.0, 0.0, 0.0], [-0.3333333333333333, -0.39440531887330776, -0.4930066485916347, -0.6573421981221795, -0.9860132971832694, 1.9720265943665387], [-0.3333333333333333, -0.39440531887330776, -0.4930066485916347, -0.6573421981221795, -0.9860132971832694, -1.9720265943665387]], [[-0.3333333333333333, -0.39440531887330776, 1.9720265943665387, 0.0, 0.0, 0.0], [-0.3333333333333333, -0.39440531887330776, -0.4930066485916347, 1.9720265943665387, 0.0, 0.0], [-0.3333333333333333, -0.39440531887330776, -0.4930066485916347, -0.6573421981221795, 1.9720265943665387, 0.0]], [[-0.3333333333333333, -0.39440531887330776, 1.9720265943665387, 0.0, 0.0, 0.0], [-0.3333333333333333, -0.39440531887330776, -0.4930066485916347, 1.9720265943665387, 0.0, 0.0], [-0.3333333333333333, -0.39440531887330776, -0.4930066485916347, -0.6573421981221795, -0.9860132971832694, 1.9720265943665387]], [[-0.3333333333333333, -0.39440531887330776, 1.9720265943665387, 0.0, 0.0, 0.0], [-0.3333333333333333, -0.39440531887330776, -0.4930066485916347, 1.9720265943665387, 0.0, 0.0], [-0.3333333333333333, -0.39440531887330776, -0.4930066485916347, -0.6573421981221795, -0.9860132971832694, -1.9720265943665387]], [[-0.3333333333333333, -0.39440531887330776, 1.9720265943665387, 0.0, 0.0, 0.0], [-0.3333333333333333, -0.39440531887330776, -0.4930066485916347, -0.6573421981221795, 1.9720265943665387, 0.0], [-0.3333333333333333, -0.39440531887330776, -0.4930066485916347, -0.6573421981221795, -0.9860132971832694, 1.9720265943665387]], [[-0.3333333333333333, -0.39440531887330776, 1.9720265943665387, 0.0, 0.0, 0.0], [-0.3333333333333333, -0.39440531887330776, -0.4930066485916347, -0.6573421981221795, 1.9720265943665387, 0.0], [-0.3333333333333333, -0.39440531887330776, -0.4930066485916347, -0.6573421981221795, -0.9860132971832694, -1.9720265943665387]], [[-0.3333333333333333, 