{"Dimension": 7, "Polygons": [[[2.0, 0.0, 0.0, 0.0, 0.0, 0.0, 0.0], [-0.2857142857142857, 1.979486637221574, 0.0, 0.0, 0.0, 0.0, 0.0], [-0.2857142857142857, -0.329914439536929, 1.979486637221574, 0.0, 0.0, 0.0, 0.0]], [[2.0, 0.0, 0.0, 0.0, 0.0, 0.0, 0.0], [-0.2857142857142857, 1.979486637221574, 0.0, 0.0, 0.0, 0.0, 0.0], [-0.2857142857142857, -0.329914439536929, -0.39589732744431483, 1.979486637221574, 0.0, 0.0, 0.0]], [[2.0, 0.0, 0.0, 0.0, 0.0, 0.0, 0.0], [-0.2857142857142857, 1.979486637221574, 0.0, 0.0, 0.0, 0.0, 0.0], [-0.2857142857142857, -0.329914439536929, -0.39589732744431483, -0.4948716593053935, 1.979486637221574, 0.0, 0.0]], [[2.0, 0.0, 0.0, 0.0, 0.0, 0.0, 0.0], [-0.2857142857142857, 1.979486637221574, 0.0, 0.0, 0.0, 0.0, 0.0], [-0.2857142857142857, -0.329914439536929, -0.39589732744431483, -0.4948716593053935, -0.659828879073858, 1.979486637221574, 0.0]], [[2.0, 0.0, 0.0, 0.0, 0.0, 0.0, 0.0], [-0.2857142857142857, 1.979486637221574, 0.0, 0.0, 0.0, 0.0, 0.0], [-0.2857142857142857, -0.329914439536929, -0.39589732744431483, -0.4948716593053935, -0.659828879073858, -0.989743318610787, 1.979486637221574]], [[2.0, 0.0, 0.0, 0.0, 0.0, 0.0, 0.0], [-0.2857142857142857, 1.979486637221574, 0.0, 0.0, 0.0, 0.0, 0.0], [-0.2857142857142857, -0.329914439536929, -0.39589732744431483, -0.4948716593053935, -0.659828879073858, -0.989743318610787, -1.979486637221574]], [[2.0, 0.0, 0.0, 0.0, 0.0, 0.0, 0.0], [-0.2857142857142857, -0.329914439536929, 1.979486637221574, 0.0, 0.0, 0.0, 0.0], [-0.2857142857142857, -0.329914439536929, -0.39589732744431483, 1.979486637221574, 0.0, 0.0, 0.0]], [[2.0, 0.0, 0.0, 0.0, 0.0, 0.0, 0.0], [-0.2857142857142857, -0.329914439536929, 1.979486637221574, 0.0, 0.0, 0.0, 0.0], [-0.2857142857142857, -0.329914439536929, -0.39589732744431483, -0.4948716593053935, 1.979486637221574, 0.0, 0.0]], [[2.0, 0.0, 0.0, 0.0, 0.0, 0.0, 0.0], [-0.2857142857142857, -0.329914439536929, 1.979486637221574, 0.0, 0.0, 0.0, 0.0], [-0.2857142857142857, -0.329914439536929, -0.39589732744431483, -0.4948716593053935, -0.659828879073858, 1.979486637221574, 0.0]], [[2.0, 0.0, 0.0, 0.0, 0.0, 0.0, 0.0], [-0.2857142857142857, -0.329914439536929, 1.979486637221574, 0.0, 0.0, 0.0, 0.0], [-0.2857142857142857, -0.329914439536929, -0.39589732744431483, -0.4948716593053935, -0.659828879073858, -0.989743318610787, 1.979486637221574]], [[2.0, 0.0, 0.0, 0.0, 0.0, 0.0, 0.0], [-0.2857142857142857, -0.329914439536929, 1.979486637221574, 0.0, 0.0, 0.0, 0.0], [-0.2857142857142857, -0.329914439536929, -0.39589732744431483, -0.4948716593053935, -0.659828879073858, -0.989743318610787, -1.979486637221574]], [[2.0, 0.0, 0.0, 0.0, 0.0, 0.0, 0.0], [-0.2857142857142857, -0.329914439536929, -0.39589732744431483, 1.979486637221574, 0.0, 0.0, 0.0], [-0.2857142857142857, -0.329914439536929, -0.39589732744431483, -0.4948716593053935, 1.979486637221574, 0.0, 0.0]], [[2.0, 0.0, 0.0, 0.0, 0.0, 0.0, 0.0], [-0.2857142857142857, -0.329914439536929, -0.39589732744431483, 1.979486637221574, 0.0, 0.0, 0.0], [-0.2857142857142857, -0.329914439536929, -0.39589732744431483, -0.4948716593053935, -0.659828879073858, 1.979486637221574, 0.0]], [[2.0, 0.0, 0.0, 0.0, 0.0, 0.0, 0.0], [-0.2857142857142857, -0.329914439536929, -0.39589732744431483, 1.979486637221574, 0.0, 0.0, 0.0], [-0.2857142857142857, -0.329914439536929, -0.39589732744431483, -0.4948716593053935, -0.659828879073858, -0.989743318610787, 1.979486637221574]], [[2.0, 0.0, 0.0, 0.0, 0.0, 0.0, 0.0], [-0.2857142857142857, -0.329914439536929, -0.39589732744431483, 1.979486637221574, 0.0, 0.0, 0.0], [-0.2857142857142857, -0.329914439536929, -0.39589732744431483, -0.4948716593053935, -0.659828879073858, -0.989743318610787, -1.979486637221574]], [[2.0, 0.0, 0.0, 0.0, 0.0, 0.0, 0.0], [-0.2857142857142857, -0.329914439536929, -0.39589732744431483, -0.4948716593053935, 1.979486637221574, 0.0, 0.0], [-0.2857142857142857, -0.329914439536929, -0.39589732744431483, -0.4948716593053935, -0.659828879073858, 1.979486637221574, 0.0]], [[2.0, 0.0, 0.0, 0.0, 0.0, 0.0, 0.0], [-0.2857142857142857, -0.329914439536929, -0.39589732744431483, -0.4948716593053935, 1.979486637221574, 0.0, 0.0], [-0.2857142857142857, -0.329914439536929, -0.39589732744431483, -0.4948716593053935, -0.659828879073858, -0.989743318610787, 1.979486637221574]], [[2.0, 0.0, 0.0, 0.0, 0.0, 0.0, 0.0], [-0.2857142857142857, -0.329914439536929, -0.39589732744431483, -0.4948716593053935, 1.979486637221574, 0.0, 0.0], [-0.2857142857142857, -0.329914439536929, -0.39589732744431483, -0.4948716593053935, -0.659828879073858, -0.989743318610787, -1.979486637221574]], [[2.0, 0.0, 0.0, 0.0, 0.0, 0.0, 0.0], [-0.2857142857142857, -0.329914439536929, -0.39589732744431483, -0.4948716593053935, -0.659828879073858, 1.979486637221574, 0.0], [-0.2857142857142857, -0.329914439536929, -0.39589732744431483, -0.4948716593053935, -0.659828879073858, -0.989743318610787, 1.979486637221574]], [[2.0, 0.0, 0.0, 0.0, 0.0, 0.0, 0.0], [-0.2857142857142857, -0.329914439536929, -0.39589732744431483, -0.4948716593053935, -0.659828879073858, 1.979486637221574, 0.0], [-0.2857142857142857, -0.329914439536929, -0.39589732744431483, -0.4948716593053935, -0.659828879073858, -0.989743318610787, -1.979486637221574]], [[2.0, 0.0, 0.0, 0.0, 0.0, 0.0, 0.0], [-0.2857142857142857, -0.329914439536929, -0.39589732744431483, -0.4948716593053935, -0.659828879073858, -0.989743318610787, 1.979486637221574], [-0.2857142857142857, -0.329914439536929, -0.39589732744431483, -0.4948716593053935, -0.659828879073858, -0.989743318610787, -1.979486637221574]], [[-0.2857142857142857, 1.979486637221574, 0.0, 0.0, 0.0, 0.0, 0.0], [-0.2857142857142857, -0.329914439536929, 1.979486637221574, 0.0, 0.0, 0.0, 0.0], [-0.2857142857142857, -0.329914439536929, -0.39589732744431483, 1.979486637221574, 0.0, 0.0, 0.0]], [[-0.2857142857142857, 1.979486637221574, 0.0, 0.0, 0.0, 0.0, 0.0], [-0.2857142857142857, -0.329914439536929, 1.979486637221574, 0.0, 0.0, 0.0, 0.0], [-0.2857142857142857, -0.329914439536929, -0.39589732744431483, -0.4948716593053935, 1.979486637221574, 0.0, 0.0]], [[-0.2857142857142857, 1.979486637221574, 0.0, 0.0, 0.0, 0.0, 0.0], [-0.2857142857142857, -0.329914439536929, 1.979486637221574, 0.0, 0.0, 0.0, 0.0], [-0.2857142857142857, -0.329914439536929, -0.39589732744431483, -0.4948716593053935, -0.659828879073858, 1.979486637221574, 0.0]], [[-0.2857142857142857, 1.979486637221574, 0.0, 0.0, 0.0, 0.0, 0.0], [-0.2857142857142857, -0.329914439536929, 1.979486637221574, 0.0, 0.0, 0.0, 0.0], [-0.2857142857142857, -0.329914439536929, -0.39589732744431483, -0.4948716593053935, -0.659828879073858, -0.989743318610787, 1.979486637221574]], [[-0.2857142857142857, 1.979486637221574, 0.0, 0.0, 0.0, 0.0, 0.0], [-0.2857142857142857, -0.329914439536929, 1.979486637221574, 0.0, 0.0, 0.0, 0.0], [-0.2857142857142857, -0.329914439536929, -0.39589732744431483, -0.4948716593053935, -0.659828879073858, -0.989743318610787, -1.979486637221574]], [[-0.2857142857142857, 1.979486637221574, 0.0, 0.0, 0.0, 0.0, 0.0], [-0.2857142857142857, -0.329914439536929, -0.39589732744431483, 1.979486637221574, 0.0, 0.0, 0.0], [-0.2857142857142857, -0.329914439536929, -0.39589732744431483, -0.4948716593053935, 1.979486637221574, 0.0, 0.0]], [[-0.2857142857142857, 1.979486637221574, 0.0, 0.0, 0.0, 0.0, 0.0], [-0.2857142857142857, -0.329914439536929, -0.39589732744431483, 1.979486637221574, 0.0, 0.0, 0.0], [-0.2857142857142857, -0.329914439536929, -0.39589732744431483, -0.4948716593053935, -0.659828879073858, 1.979486637221574, 0.0]], [[-0.2857142857142857, 1.979486637221574, 0.0, 0.0, 0.0, 0.0, 0.0], [-0.2857142857142857, -0.329914439536929, -0.39589732744431483, 1.979486637221574, 0.0, 0.0, 0.0], [-0.2857142857142857, -0.329914439536929, -0.39589732744431483, -0.4948716593053935, -0.659828879073858, -0.989743318610787, 1.979486637221574]], [[-0.2857142857142857, 1.979486637221574, 0.0, 0.0, 0.0, 0.0, 0.0], [-0.2857142857142857, -0.329914439536929, -0.39589732744431483, 1.979486637221574, 0.0, 0.0, 